epoch,train_loss,val_mean_loss,val_0.5s,val_1s,val_2s,val_3s,val_4s,val_5s,val_6s
1,0.705313,0.325936,0.448108,0.380287,0.305586,0.285287,0.272082,0.288872,0.301326
2,0.491225,0.296884,0.418274,0.344034,0.277692,0.263592,0.253076,0.258209,0.263311
3,0.462611,0.332018,0.427250,0.375398,0.325058,0.306317,0.295093,0.297848,0.297161
4,0.442443,0.293899,0.464470,0.358793,0.265155,0.244193,0.232453,0.240737,0.251493
5,0.423515,0.295319,0.426944,0.360371,0.274737,0.255754,0.251885,0.245463,0.252082
6,0.446873,0.274138,0.403597,0.324186,0.262264,0.239472,0.228229,0.228491,0.232729
7,0.410020,0.259294,0.387137,0.311980,0.242593,0.226632,0.213870,0.215396,0.217454
8,0.384116,0.405385,0.412149,0.408655,0.404628,0.402480,0.401146,0.405982,0.402654
9,0.372779,0.243482,0.365953,0.293593,0.225192,0.214558,0.201615,0.199599,0.203864
10,0.340299,0.220733,0.333734,0.267362,0.203170,0.194212,0.182018,0.181089,0.183545
11,0.334998,0.244014,0.392745,0.307841,0.224866,0.204744,0.190057,0.189435,0.198412
12,0.317229,0.227702,0.333214,0.270667,0.211452,0.200232,0.192350,0.191707,0.194291
13,0.306653,0.216917,0.320280,0.258854,0.201580,0.192483,0.179224,0.180791,0.185208
14,0.306772,0.203582,0.310970,0.249705,0.193756,0.178437,0.165147,0.162446,0.164612
15,0.289356,0.236241,0.350940,0.286174,0.220898,0.205027,0.195799,0.193301,0.201550
16,0.289817,0.216664,0.340979,0.262297,0.202757,0.184754,0.174252,0.173238,0.178372
17,0.285890,0.204437,0.333221,0.247195,0.184738,0.176597,0.162516,0.161321,0.165472
18,0.278960,0.201664,0.333020,0.261999,0.188447,0.168622,0.155833,0.150873,0.152852
19,0.278747,0.248778,0.330833,0.288297,0.241671,0.231296,0.222120,0.212232,0.214997
20,0.280201,0.201319,0.322510,0.247946,0.183739,0.174191,0.161635,0.158106,0.161108
21,0.275025,0.200353,0.312977,0.250016,0.191949,0.174783,0.161668,0.156193,0.154886
22,0.266083,0.224741,0.393583,0.296820,0.206732,0.184986,0.168662,0.162531,0.159874
23,0.258864,0.183744,0.307822,0.232909,0.171499,0.155510,0.141744,0.139544,0.137181
24,0.254037,0.198444,0.301018,0.239406,0.183991,0.174298,0.163571,0.162150,0.164674
25,0.257423,0.198389,0.320489,0.247651,0.184636,0.168063,0.157597,0.154895,0.155392
26,0.258267,0.199869,0.304697,0.249622,0.187474,0.176691,0.165319,0.157853,0.157427
27,0.254705,0.204445,0.328087,0.244985,0.183518,0.174340,0.167453,0.165091,0.167642
28,0.247587,0.187421,0.300752,0.232061,0.177691,0.164371,0.149786,0.144773,0.142513
29,0.248487,0.197034,0.309396,0.243287,0.185005,0.168923,0.156162,0.157037,0.159426
30,0.240063,0.187953,0.289393,0.234618,0.179021,0.164294,0.152647,0.148589,0.147109
31,0.237817,0.184082,0.303704,0.239568,0.171346,0.155874,0.143694,0.137799,0.136592
32,0.247059,0.198945,0.294669,0.235442,0.193560,0.177893,0.165319,0.164121,0.161607
33,0.234335,0.183311,0.306562,0.230760,0.171142,0.156640,0.142663,0.138732,0.136677
34,0.236474,0.184568,0.306384,0.234910,0.174610,0.157763,0.144369,0.138729,0.135208
35,0.232128,0.175443,0.296957,0.225016,0.167498,0.147153,0.133691,0.130273,0.127510
36,0.229096,0.184096,0.301991,0.229923,0.176702,0.160415,0.144801,0.138998,0.135840
37,0.228885,0.188308,0.326424,0.240835,0.175722,0.155285,0.142925,0.139206,0.137762
38,0.230183,0.181997,0.288632,0.229039,0.174720,0.158305,0.145939,0.138943,0.138400
39,0.224828,0.179947,0.290585,0.224795,0.169451,0.153607,0.143804,0.140088,0.137301
40,0.233011,0.177013,0.293994,0.226751,0.170311,0.150687,0.137565,0.131071,0.128709
41,0.221570,0.172471,0.283977,0.216012,0.162879,0.148651,0.136329,0.130827,0.128620
42,0.229595,0.173383,0.283676,0.222407,0.167950,0.147993,0.133972,0.129523,0.128160
43,0.226489,0.173478,0.291224,0.225444,0.166001,0.146164,0.132214,0.128414,0.124885
44,0.217813,0.169031,0.278102,0.215773,0.161825,0.144259,0.131705,0.127486,0.124068
45,0.226676,0.171772,0.286712,0.214692,0.162821,0.148375,0.135847,0.128029,0.125927
46,0.222063,0.168518,0.287952,0.215169,0.160100,0.141848,0.128630,0.124449,0.121478
47,0.216345,0.172235,0.274708,0.219607,0.165327,0.149517,0.135497,0.132033,0.128960
48,0.216493,0.174938,0.295500,0.225566,0.166838,0.148034,0.134444,0.128105,0.126081
49,0.218172,0.176909,0.263414,0.216663,0.166533,0.157655,0.148248,0.143832,0.142017
50,0.213691,0.166088,0.270854,0.211169,0.160245,0.145201,0.130675,0.124220,0.120250
51,0.213482,0.168022,0.271323,0.215659,0.160310,0.144233,0.132658,0.127345,0.124624
52,0.216318,0.170486,0.288000,0.217627,0.163040,0.143525,0.132222,0.125533,0.123452
53,0.210333,0.162677,0.284997,0.209811,0.154294,0.135637,0.122772,0.117025,0.114205
54,0.211388,0.207606,0.296896,0.252886,0.198537,0.187510,0.174176,0.172376,0.170861
55,0.213811,0.170277,0.280947,0.218228,0.164090,0.144745,0.132053,0.126250,0.125627
56,0.215101,0.159493,0.266882,0.203461,0.152455,0.135766,0.124387,0.119252,0.114245
57,0.209437,0.168377,0.273573,0.215870,0.160805,0.143331,0.132658,0.127344,0.125061
58,0.209795,0.162770,0.268073,0.206075,0.156280,0.138199,0.127785,0.123283,0.119697
59,0.206892,0.169933,0.278980,0.206720,0.156656,0.144922,0.137276,0.133172,0.131801
60,0.201427,0.162945,0.280606,0.206769,0.154392,0.137064,0.125378,0.119235,0.117169
61,0.204188,0.182056,0.277136,0.231292,0.179747,0.162884,0.146753,0.139391,0.137187
62,0.210875,0.159427,0.269558,0.201567,0.151560,0.134547,0.123784,0.119364,0.115611
63,0.200861,0.162214,0.274273,0.205006,0.154390,0.137107,0.125979,0.121410,0.117334
64,0.208238,0.161846,0.283036,0.212229,0.151549,0.131757,0.121305,0.117736,0.115307
65,0.209324,0.158437,0.266130,0.197671,0.150679,0.134431,0.124790,0.119079,0.116277
66,0.210617,0.180326,0.271600,0.216806,0.173434,0.161490,0.151823,0.144904,0.142223
67,0.209283,0.164067,0.274968,0.203117,0.152904,0.141314,0.129274,0.124928,0.121961
68,0.206569,0.172564,0.271279,0.211298,0.165336,0.151671,0.140574,0.135021,0.132767
69,0.201676,0.168967,0.266719,0.213701,0.165449,0.148324,0.135135,0.128502,0.124935
70,0.201373,0.161996,0.266557,0.206372,0.153723,0.139706,0.128227,0.122376,0.117010
71,0.204683,0.169554,0.281539,0.210991,0.159126,0.145028,0.134845,0.129053,0.126295
72,0.204302,0.165313,0.273539,0.206286,0.154206,0.139219,0.130211,0.127754,0.125975
73,0.205343,0.169643,0.268062,0.212897,0.164010,0.146403,0.138558,0.131250,0.126320
74,0.200796,0.161628,0.275305,0.204703,0.153114,0.135728,0.125674,0.120333,0.116536
75,0.202173,0.159152,0.265107,0.201176,0.152917,0.136336,0.125263,0.118616,0.114648
76,0.208937,0.158740,0.270874,0.206377,0.152087,0.133715,0.120495,0.116051,0.111581
77,0.199129,0.168216,0.261594,0.206178,0.159878,0.147911,0.137062,0.133280,0.131609
78,0.202243,0.161159,0.266025,0.202299,0.152065,0.135367,0.126291,0.124388,0.121679
79,0.203299,0.162364,0.280987,0.209355,0.154582,0.135048,0.123108,0.119057,0.114411
80,0.201748,0.159541,0.272725,0.203830,0.153752,0.134532,0.121732,0.116340,0.113875
81,0.200594,0.165295,0.276912,0.215379,0.160261,0.139601,0.126392,0.120502,0.118015
82,0.196607,0.158596,0.270147,0.200343,0.150610,0.131757,0.122099,0.118229,0.116989
83,0.200255,0.167503,0.288289,0.214408,0.162304,0.144457,0.128596,0.118530,0.115935
84,0.197668,0.160795,0.274422,0.209582,0.154631,0.134308,0.121629,0.116566,0.114430
85,0.203293,0.166506,0.285344,0.210783,0.159839,0.141180,0.129028,0.122023,0.117346
86,0.198158,0.165376,0.289835,0.216166,0.159794,0.137603,0.123444,0.116837,0.113956
87,0.200592,0.159106,0.267136,0.200308,0.152119,0.135143,0.125362,0.118546,0.115127
88,0.200214,0.162683,0.274732,0.205345,0.155970,0.137243,0.125964,0.121801,0.117728
89,0.200042,0.154192,0.257970,0.197197,0.149239,0.131570,0.119451,0.114283,0.109636
90,0.195401,0.170199,0.257796,0.215605,0.166076,0.151312,0.138828,0.133177,0.128602
91,0.198826,0.163508,0.261347,0.200825,0.156168,0.142065,0.132774,0.127415,0.123964
92,0.195352,0.161028,0.270833,0.206769,0.153653,0.134632,0.124353,0.119782,0.117172
93,0.194558,0.159857,0.263276,0.204214,0.153570,0.136740,0.125279,0.119749,0.116167
94,0.191286,0.171396,0.268414,0.215267,0.167688,0.150646,0.139308,0.131174,0.127273
95,0.200696,0.181782,0.274254,0.214051,0.169489,0.162428,0.154816,0.150352,0.147085
96,0.202218,0.159987,0.275709,0.200676,0.154587,0.133678,0.121634,0.118431,0.115198
97,0.195117,0.157309,0.263828,0.197927,0.152146,0.132491,0.123030,0.118417,0.113321
98,0.193950,0.159031,0.264617,0.198994,0.153383,0.136084,0.124270,0.119309,0.116557
99,0.197945,0.157486,0.258493,0.199767,0.153122,0.133649,0.123441,0.118029,0.115902
100,0.191312,0.155433,0.264012,0.197715,0.148204,0.130177,0.120187,0.115560,0.112173
101,0.192689,0.178264,0.307533,0.228196,0.168218,0.149381,0.138251,0.130767,0.125504
102,0.196727,0.159376,0.273958,0.206154,0.152466,0.132360,0.121580,0.115555,0.113558
103,0.194647,0.154498,0.264889,0.197334,0.147180,0.128419,0.118690,0.114117,0.110859
104,0.192158,0.164528,0.258501,0.208103,0.159186,0.143663,0.133244,0.127133,0.121867
105,0.192778,0.167982,0.275105,0.208292,0.159935,0.143496,0.133318,0.128770,0.126960
106,0.190385,0.164240,0.282997,0.206329,0.156872,0.137060,0.126737,0.121954,0.117729
107,0.195634,0.165251,0.275661,0.201932,0.154384,0.141475,0.132290,0.127271,0.123746
108,0.192885,0.158621,0.271675,0.202093,0.147934,0.130340,0.121992,0.119806,0.116509
109,0.193328,0.154988,0.269552,0.196641,0.147033,0.128562,0.117248,0.114805,0.111073
110,0.197425,0.152718,0.265776,0.194041,0.143885,0.127189,0.117410,0.112621,0.108103
111,0.190385,0.154816,0.267140,0.195098,0.146523,0.129479,0.119152,0.115367,0.110952
112,0.187620,0.160924,0.293035,0.207948,0.149169,0.130295,0.119502,0.115447,0.111071
113,0.194755,0.167887,0.270777,0.204364,0.160620,0.143698,0.135459,0.131269,0.129025
114,0.189006,0.161388,0.274045,0.207351,0.155107,0.134324,0.122415,0.119625,0.116849
115,0.197332,0.161498,0.281212,0.200329,0.153079,0.135432,0.125440,0.119458,0.115537
116,0.195200,0.171984,0.305518,0.234223,0.167546,0.140640,0.125002,0.117910,0.113053
117,0.186797,0.155692,0.275572,0.200571,0.146960,0.128334,0.117437,0.112343,0.108629
118,0.187219,0.155696,0.271196,0.198296,0.146575,0.129230,0.119080,0.114565,0.110927
119,0.188317,0.153986,0.265728,0.195288,0.145651,0.128494,0.118467,0.113220,0.111053
120,0.189406,0.153232,0.259545,0.192086,0.145351,0.129690,0.120591,0.114986,0.110376
121,0.189431,0.153050,0.255780,0.197633,0.146588,0.129516,0.118165,0.113788,0.109881
122,0.184708,0.166859,0.256740,0.205166,0.160404,0.146485,0.136970,0.132656,0.129593
123,0.192259,0.155998,0.262312,0.201797,0.148608,0.131471,0.120487,0.115245,0.112065
124,0.184269,0.156144,0.257672,0.203349,0.151343,0.131146,0.120147,0.116939,0.112413
125,0.188516,0.161422,0.285215,0.199642,0.150501,0.133288,0.124567,0.120622,0.116119
126,0.183921,0.155961,0.259740,0.200994,0.150562,0.131364,0.120981,0.116566,0.111524
127,0.189613,0.155678,0.268102,0.198138,0.148742,0.129139,0.119253,0.114874,0.111501
128,0.188709,0.152877,0.267615,0.195491,0.144075,0.126329,0.116478,0.111809,0.108343
129,0.187524,0.156856,0.269989,0.197736,0.150088,0.131414,0.120786,0.115952,0.112028
130,0.189650,0.161511,0.283439,0.206087,0.152478,0.133437,0.122704,0.117780,0.114649
131,0.186732,0.182815,0.258496,0.213116,0.184323,0.166506,0.157867,0.151983,0.147417
132,0.182943,0.158350,0.282099,0.200700,0.150169,0.130791,0.119729,0.114261,0.110699
133,0.186551,0.161956,0.286143,0.205712,0.154800,0.133803,0.121734,0.116929,0.114573
134,0.187155,0.156402,0.275353,0.197973,0.147757,0.128808,0.118138,0.114622,0.112164
135,0.187626,0.161184,0.276143,0.203917,0.154315,0.135036,0.125158,0.118554,0.115163
136,0.184520,0.162274,0.285531,0.205378,0.153900,0.134348,0.124229,0.117906,0.114626
137,0.180593,0.169886,0.282443,0.210080,0.162022,0.143876,0.133507,0.129752,0.127525
138,0.189485,0.153895,0.267002,0.192754,0.143785,0.129199,0.119256,0.114197,0.111074
139,0.184287,0.154152,0.275541,0.193400,0.146526,0.127242,0.116603,0.111417,0.108333
140,0.186506,0.151924,0.270385,0.192860,0.142789,0.125301,0.114987,0.110381,0.106763
141,0.187309,0.173305,0.268787,0.208018,0.166539,0.153433,0.143363,0.138522,0.134476
142,0.180694,0.161747,0.291525,0.204202,0.153283,0.133074,0.121812,0.116551,0.111784
143,0.183444,0.171551,0.264069,0.202306,0.165790,0.152310,0.143432,0.138425,0.134523
144,0.183168,0.168083,0.262636,0.203459,0.160584,0.146995,0.138542,0.133647,0.130715
145,0.182219,0.159502,0.265812,0.199028,0.151936,0.135360,0.125524,0.121732,0.117123
146,0.185302,0.156206,0.272544,0.197460,0.147865,0.129499,0.119516,0.115705,0.110851
147,0.182511,0.165807,0.260946,0.203423,0.159762,0.145575,0.134995,0.130207,0.125742
148,0.182927,0.160418,0.266785,0.197224,0.152530,0.137232,0.127254,0.123615,0.118287
149,0.185409,0.163977,0.277468,0.204895,0.153292,0.138125,0.127950,0.124630,0.121482
150,0.180743,0.156149,0.266619,0.201222,0.150690,0.130423,0.119667,0.115207,0.109216
151,0.181933,0.154481,0.266315,0.195995,0.147222,0.129485,0.119022,0.114587,0.108738
152,0.189125,0.154904,0.267804,0.198527,0.148693,0.129777,0.118353,0.113258,0.107918
153,0.185879,0.160023,0.286458,0.204823,0.151983,0.131400,0.120050,0.114682,0.110763
154,0.179915,0.156425,0.274919,0.196807,0.147152,0.130339,0.120537,0.114604,0.110618
155,0.186944,0.155929,0.264303,0.193840,0.147805,0.131904,0.122777,0.117785,0.113091
156,0.183127,0.154102,0.267152,0.192326,0.146823,0.128202,0.118911,0.115133,0.110166
157,0.180110,0.154969,0.275347,0.198658,0.146414,0.126950,0.116744,0.112634,0.108036
158,0.180119,0.157797,0.273452,0.198724,0.149556,0.131441,0.122166,0.116707,0.112536
159,0.182062,0.155023,0.267090,0.196417,0.148890,0.129639,0.119278,0.114441,0.109406
160,0.183015,0.153702,0.268578,0.196484,0.144004,0.126733,0.116794,0.113477,0.109844
161,0.181596,0.158008,0.275440,0.201225,0.150584,0.131969,0.120568,0.115475,0.110795
162,0.179773,0.159315,0.267138,0.200994,0.151933,0.135084,0.125564,0.119641,0.114851
163,0.184744,0.157879,0.279007,0.198274,0.149122,0.130676,0.120704,0.115528,0.111842
164,0.179972,0.157918,0.272616,0.195997,0.149466,0.131671,0.122371,0.118544,0.114761
165,0.176188,0.157792,0.275914,0.200542,0.150111,0.131320,0.121253,0.115338,0.110068
166,0.183874,0.156779,0.270481,0.202095,0.148731,0.129655,0.119562,0.115593,0.111338
167,0.177971,0.159576,0.264368,0.203061,0.152522,0.134688,0.124987,0.121210,0.116193
168,0.181442,0.155907,0.270899,0.196617,0.148072,0.130415,0.120236,0.114883,0.110227
169,0.182909,0.193968,0.274661,0.222647,0.187488,0.176984,0.169236,0.165482,0.161275
170,0.178386,0.155669,0.267782,0.196682,0.147313,0.129824,0.120378,0.116144,0.111560
171,0.176283,0.159029,0.283587,0.204806,0.150389,0.131478,0.119966,0.113703,0.109273
172,0.179830,0.164325,0.289351,0.212122,0.158865,0.135332,0.123409,0.117678,0.113516
173,0.175782,0.157398,0.264869,0.200449,0.150256,0.132860,0.122320,0.117475,0.113558
174,0.180859,0.157010,0.271258,0.198293,0.148001,0.131509,0.120567,0.116422,0.113021
175,0.179685,0.154904,0.268697,0.200555,0.145630,0.128013,0.117942,0.114126,0.109366
176,0.182179,0.161280,0.286723,0.209221,0.154421,0.132806,0.121310,0.114631,0.109848
177,0.175249,0.161797,0.280044,0.204008,0.152692,0.135433,0.124067,0.121035,0.115303
178,0.178566,0.166534,0.260037,0.204593,0.160275,0.145200,0.136384,0.132417,0.126836
179,0.178567,0.155481,0.273103,0.198265,0.147573,0.129229,0.118674,0.113385,0.108136
180,0.182362,0.186430,0.270761,0.225794,0.178537,0.166555,0.158921,0.154423,0.150016
181,0.179920,0.159501,0.289715,0.204375,0.151014,0.130523,0.119468,0.113101,0.108309
182,0.176846,0.156329,0.273464,0.200691,0.148568,0.129810,0.118819,0.114170,0.108781
183,0.177628,0.159588,0.276600,0.203606,0.152387,0.132741,0.122422,0.117340,0.112021
184,0.178197,0.161762,0.267912,0.208549,0.157882,0.138355,0.126459,0.119713,0.113466
185,0.175993,0.162362,0.268478,0.205495,0.156393,0.138523,0.128234,0.122880,0.116533
186,0.171377,0.193109,0.261230,0.226546,0.190624,0.176895,0.170026,0.166217,0.160227
187,0.175435,0.154672,0.265285,0.197376,0.147658,0.129697,0.119665,0.114188,0.108838
188,0.179056,0.160698,0.269656,0.200112,0.153992,0.135496,0.126618,0.122738,0.116277
189,0.180743,0.154788,0.263242,0.198051,0.149790,0.129713,0.120178,0.114198,0.108345
190,0.176907,0.154582,0.266813,0.197982,0.147159,0.128186,0.119096,0.114076,0.108762
191,0.175926,0.155124,0.259530,0.195408,0.147908,0.130963,0.121868,0.117896,0.112297
192,0.175007,0.154493,0.264416,0.194068,0.147075,0.129110,0.120202,0.116156,0.110425
193,0.179132,0.157946,0.279650,0.200124,0.148526,0.129292,0.121175,0.116024,0.110831
194,0.175088,0.155602,0.267570,0.197647,0.148328,0.129118,0.120137,0.115410,0.111007
195,0.174813,0.153247,0.264709,0.193351,0.146013,0.128187,0.119127,0.113378,0.107962
196,0.176616,0.151786,0.259302,0.192870,0.143506,0.127515,0.118249,0.113101,0.107958
197,0.176717,0.168331,0.254086,0.201628,0.161595,0.147294,0.141354,0.139266,0.133092
198,0.171670,0.153480,0.261034,0.195691,0.146297,0.127727,0.119864,0.114907,0.108840
199,0.175396,0.157496,0.273135,0.201160,0.150663,0.131524,0.120989,0.115118,0.109880
200,0.170944,0.163263,0.274281,0.203794,0.154977,0.136985,0.128128,0.125227,0.119448
