record_id,waveform_file,log_A,valid_len,station_code,origin_time,record_time,mag,eq_lat,eq_lon,depth_km,sta_lat,sta_lon,sta_height_m,epi_dist_km,hypo_dist_km,sampling_hz,original_hz,n_samples,duration_s,pga_ud2_gal,pga_ns1_gal,pga_ew1_gal,scale_ud2,scale_ns1,scale_ew1,npz_path,p_time_s,p_sample,snr_db,cluster,vs30,f0hv,af,prob_cluster0,prob_cluster1,prob_cluster2,max_prob,is_boundary,split
train_0000,record_0000.npz,-1.3284426815500852,600,KMMH09,2009/04/05 18:36:00,2009/04/05 18:36:45,5.6,31.928,131.893,28,32.4901,130.9046,520.0,112.044,115.49,100,100,12000,120.0,18.495297,47.363376,43.081265,0.000635249783618,0.0004764783388733,0.0004764783388733,F:\paper4_data\kiknet_npz\KMMH090904051836.npz,15.03,1503.0,23.78,1,400.0,2.528,0.9994,0.0288493591736579,0.8698579231364557,0.1012927176898863,0.8698579231364557,False,train
train_0001,record_0001.npz,-1.6437310025336025,600,OITH06,2008/03/10 10:44:00,2008/03/10 10:44:52,5.1,31.763,131.918,29,32.9726,131.3984,260.0,143.08,145.989,100,100,12000,120.0,5.681674,23.678591,100.626507,0.000635249783618,0.0004764783388733,0.0004764783388733,F:\paper4_data\kiknet_npz\OITH060803101044.npz,15.39,1539.0,8.76,0,712.0,1.1705,0.9882,0.9793398114371514,0.0206599233754764,2.6518737255783706e-07,0.9793398114371514,False,train
train_0002,record_0002.npz,-0.2667432295084388,600,ISKH08,2007/07/16 10:13:00,2007/07/16 10:13:54,6.8,37.557,138.608,17,36.738,136.7906,119.0,185.035,185.814,100,200,18200,182.0,5.622864,9.608984,6.340265,0.0002384185791015,0.0002384185791015,0.0002384185791015,F:\paper4_data\kiknet_npz\ISKH080707161013.npz,11.4,1140.0,10.06,1,427.0,3.1187,0.6689,0.0299192272509968,0.909978452878626,0.0601023198703773,0.909978452878626,False,train
train_0003,record_0003.npz,-1.9763343908176727,600,AICH07,2008/06/13 11:21:00,2008/06/13 11:21:37,4.7,35.91,137.703,13,35.2194,137.4039,621.43,81.417,82.448,100,100,12000,120.0,28.782532,13.460037,27.939737,0.000635249783618,0.0004764783388733,0.0004764783388733,F:\paper4_data\kiknet_npz\AICH070806131121.npz,24.58,2458.0,10.81,1,428.0,8.8235,0.6689,0.1955693863351144,0.8044306047057072,8.959178700084894e-09,0.8044306047057072,False,train
train_0004,record_0004.npz,-1.8593303610024463,600,WKYH06,2002/02/04 06:02:00,2002/02/04 06:02:03,4.4,33.601,135.244,38,33.6948,135.5953,218.0,34.15,51.09,100,200,12000,120.0,13.852596,8.257627,7.278919,0.0002384185791015,0.0002384185791015,0.0002384185791015,F:\paper4_data\kiknet_npz\WKYH060202040602.npz,14.18,1418.0,13.66,0,752.0,9.8494,0.6689,0.9806677562171504,0.0193322437828269,2.2804656274650667e-14,0.9806677562171504,False,train
train_0005,record_0005.npz,-1.716541430628118,600,YMGH17,2002/10/13 19:06:00,2002/10/13 19:06:45,4.7,33.348,132.355,43,33.9291,132.4046,5.0,64.778,77.751,100,200,12000,120.0,18.527985,18.813848,4.864693,0.0002384185791015,0.0002384185791015,0.0002384185791015,F:\paper4_data\kiknet_npz\YMGH170210131906.npz,13.89,1389.0,15.72,2,225.0,1.9298,1.749,0.0006824097648926,0.0010311424508253,0.998286447784282,0.998286447784282,False,train
train_0006,record_0006.npz,-0.6724250766849251,600,NIGH09,2004/10/23 19:46:00,2004/10/23 19:46:04,5.7,37.295,138.875,12,37.5386,139.1279,93.0,35.108,37.102,100,200,30000,300.0,40.597439,12.254,9.658098,0.0002384185791015,0.0002384185791015,0.0002384185791015,F:\paper4_data\kiknet_npz\NIGH090410231946.npz,14.54,1454.0,18.73,1,463.0,6.4072,1.0671,0.1577539511099516,0.8421638389057362,8.22099843119669e-05,0.8421638389057362,False,train
train_0007,record_0007.npz,-2.1464681389400413,600,OITH07,2007/11/29 20:17:00,2007/11/29 20:18:00,4.3,32.722,131.932,47,32.987,131.5881,160.0,43.591,64.103,100,200,12000,120.0,14.076948,15.494823,3.078938,0.0002384185791015,0.0002384185791015,0.0002384185791015,F:\paper4_data\kiknet_npz\OITH070711292017.npz,14.39,1439.0,38.86,1,276.0,2.0905,0.9882,0.0158238465870234,0.6142907135410773,0.369885439871899,0.6142907135410773,True,train
train_0008,record_0008.npz,-2.496516604750192,600,HRSH14,2011/01/16 20:33:00,2011/01/16 20:33:39,4.5,34.008,133.775,44,34.209,132.4063,40.0,127.978,135.331,100,100,12000,120.0,6.771127,33.684636,8.71193,0.000635249783618,0.0004764783388733,0.0004764783388733,F:\paper4_data\kiknet_npz\HRSH141101162033.npz,20.72,2072.0,11.71,1,550.0,4.2098,0.9994,0.2262194789689325,0.7725585568509163,0.0012219641801512,0.7725585568509163,False,train
train_0009,record_0009.npz,-1.9353049867678744,600,HRSH01,2009/07/18 05:16:00,2009/07/18 05:17:23,4.3,33.487,131.905,70,34.3736,133.0236,35.0,142.721,158.963,100,100,12000,120.0,11.568534,20.970288,17.471984,0.000635249783618,0.0004764783388733,0.0004764783388733,F:\paper4_data\kiknet_npz\HRSH010907180516.npz,15.76,1576.0,13.32,1,403.0,7.9838,0.5689,0.1349753804078098,0.8650240320145001,5.875776902088926e-07,0.8650240320145001,False,train
train_0010,record_0010.npz,-2.768612394145213,600,KGSH12,2009/03/19 19:40:00,2009/03/19 19:40:46,4.3,31.85,129.392,11,31.2583,131.0877,265.0,173.621,173.969,100,100,12000,120.0,17.619288,49.709556,69.422417,0.000635249783618,0.0004764783388733,0.0004764783388733,F:\paper4_data\kiknet_npz\KGSH120903191940.npz,3.94,394.0,16.25,1,452.0,2.4047,0.6689,0.0353867657799085,0.9044922016035448,0.0601210326165465,0.9044922016035448,False,train
train_0011,record_0011.npz,-2.031141419349077,600,KNGH19,2009/08/13 18:11:00,2009/08/13 18:11:12,4.5,34.84,138.408,23,35.4173,139.0436,330.0,86.382,89.392,100,100,12000,120.0,21.132855,7.287736,16.2846,0.000635249783618,0.0004764783388733,0.0004764783388733,F:\paper4_data\kiknet_npz\KNGH190908131811.npz,22.81,2281.0,8.72,0,731.0,8.1452,0.6689,0.94692458065279,0.0530754192557102,9.149955187741948e-11,0.94692458065279,False,train
train_0012,record_0012.npz,-3.2247317942075524,600,SBSH08,2010/01/07 05:39:00,2010/01/07 05:40:11,4.1,41.955,142.328,69,42.768,140.9766,285.0,143.179,158.938,100,100,12000,120.0,4.926997,34.520379,12.299812,0.000635249783618,0.0004764783388733,0.0004764783388733,F:\paper4_data\kiknet_npz\SBSH081001070539.npz,5.22,522.0,30.48,1,325.0,1.661,1.01,0.0152675062938976,0.6833440602338225,0.3013884334722799,0.6833440602338225,True,train
train_0013,record_0013.npz,-1.7900312398397236,600,SMNH11,2000/11/03 16:33:00,2000/11/03 16:34:04,4.5,35.36,133.29,10,35.4259,132.8008,30.0,44.945,46.044,100,200,12000,120.0,11.594534,3.719091,3.218651,0.0002384185791015,0.0002384185791015,0.0002384185791015,F:\paper4_data\kiknet_npz\SMNH110011031633.npz,8.87,887.0,9.21,0,671.0,6.2803,0.9261,0.8362733749214112,0.1637263367318537,2.883467349462684e-07,0.8362733749214112,False,train
train_0014,record_0014.npz,-1.0080098464665943,600,TTRH01,2001/01/12 08:00:00,2001/01/12 08:00:11,5.4,35.466,134.489,10,35.2604,134.2173,230.0,33.61,35.066,100,200,12000,120.0,13.486385,3.750801,3.917217,0.0002384185791015,0.0002384185791015,0.0002384185791015,F:\paper4_data\kiknet_npz\TTRH010101120800.npz,14.5,1450.0,9.69,1,426.0,3.9252,0.6689,0.0342469636801767,0.9410593368854796,0.0246936994343437,0.9410593368854796,False,train
train_0015,record_0015.npz,-2.0453777937194886,600,ABSH06,2009/01/11 21:53:00,2009/01/11 21:53:52,4.5,42.892,143.127,88,44.2146,143.6202,7.0,152.342,175.932,100,100,12000,120.0,14.416994,79.647643,13.059318,0.000635249783618,0.0004764783388733,0.0004764783388733,F:\paper4_data\kiknet_npz\ABSH060901112153.npz,24.61,2461.0,10.48,2,251.0,0.46646,1.4281,0.0061023018884347,0.0948788723961756,0.8990188257153895,0.8990188257153895,False,train
train_0016,record_0016.npz,-1.252516382219873,600,KMMH13,2005/06/03 04:16:00,2005/06/03 04:16:51,4.8,32.495,130.547,11,32.2209,130.9096,175.0,45.705,47.01,100,200,12000,120.0,22.902012,7.107496,4.909992,0.0002384185791015,0.0002384185791015,0.0002384185791015,F:\paper4_data\kiknet_npz\KMMH130506030416.npz,14.63,1463.0,11.79,1,403.0,0.38574,1.2463,0.0491322026050306,0.7841391210554811,0.1667286763394882,0.7841391210554811,False,train
train_0017,record_0017.npz,-1.7078646624955158,600,TCGH16,2003/08/18 18:59:00,2003/08/18 18:59:58,4.6,35.803,140.109,69,36.548,140.0751,105.0,82.896,107.855,100,200,12000,120.0,3.670931,4.244328,3.473043,0.0002384185791015,0.0002384185791015,0.0002384185791015,F:\paper4_data\kiknet_npz\TCGH160308181859.npz,12.96,1296.0,23.68,1,213.0,4.5604,1.3333,0.1897227011124808,0.6908278615902462,0.119449437297273,0.6908278615902462,True,train
train_0018,record_0018.npz,-1.3519992165037966,600,AICH21,2003/03/13 21:04:00,2003/03/13 21:05:33,4.1,35.518,135.974,14,34.7401,136.9385,20.0,123.188,123.981,100,200,12000,120.0,10.732651,3.041983,3.245115,0.0002384185791015,0.0002384185791015,0.0002384185791015,F:\paper4_data\kiknet_npz\AICH210303132104.npz,14.42,1442.0,8.69,1,355.0,2.3807,1.0029,0.0206767704983146,0.790852910365902,0.1884703191357834,0.790852910365902,False,train
train_0019,record_0019.npz,-2.2097863277275094,600,IBRH20,2007/01/10 19:19:00,2007/01/10 19:19:40,4.3,36.553,141.238,46,35.8284,140.7323,5.7,92.473,103.282,100,200,6000,60.0,14.992476,57.468891,28.381109,0.0002384185791015,0.0002384185791015,0.0002384185791015,F:\paper4_data\kiknet_npz\IBRH200701101919.npz,4.25,425.0,10.02,2,244.0,0.24351,1.4425,0.005966756676554,0.0894288578119667,0.9046043855114791,0.9046043855114791,False,train
train_0020,record_0020.npz,-0.6067698414046775,600,KSRH06,2003/10/11 09:09:00,2003/10/11 09:09:14,6.1,41.863,144.439,28,43.22,144.4285,30.0,150.894,153.47,100,200,26900,269.0,4.12941,3.617764,3.512859,0.0002384185791015,0.0002384185791015,0.0002384185791015,F:\paper4_data\kiknet_npz\KSRH060310110909.npz,12.8,1280.0,12.12,1,326.0,6.8716,1.3633,0.3718691624495948,0.6278438533512983,0.0002869841991068,0.6278438533512983,True,train
train_0021,record_0021.npz,-1.9732238829348057,600,TCGH12,2002/03/17 03:01:00,2002/03/17 03:01:50,4.1,36.101,139.875,49,36.6959,139.9842,162.0,66.868,82.9,100,200,12000,120.0,6.603003,4.894018,5.693913,0.0002384185791015,0.0002384185791015,0.0002384185791015,F:\paper4_data\kiknet_npz\TCGH120203170301.npz,14.01,1401.0,42.72,1,344.0,6.6685,1.1314,0.1543292021742923,0.8455574202701354,0.0001133775555722,0.8455574202701354,False,train
train_0022,record_0022.npz,-1.8182623270090976,600,SMNH04,2010/07/23 14:25:00,2010/07/23 14:26:38,4.4,33.387,133.108,34,35.0918,132.5308,240.0,196.849,199.764,100,100,12000,120.0,14.907407,11.235836,4.358347,0.000635249783618,0.0004764783388733,0.0004764783388733,F:\paper4_data\kiknet_npz\SMNH041007231425.npz,16.48,1648.0,10.13,1,277.0,3.7338,1.0158,0.0381180503569925,0.8611583941293184,0.1007235555136891,0.8611583941293184,False,train
train_0023,record_0023.npz,-0.9500833998009444,600,NIGH03,2003/07/26 00:13:00,2003/07/26 00:13:38,5.5,38.433,141.164,12,38.1327,139.4289,6.0,155.081,155.545,100,200,12000,120.0,9.739161,3.63946,3.119707,0.0002384185791015,0.0002384185791015,0.0002384185791015,F:\paper4_data\kiknet_npz\NIGH030307260013.npz,11.55,1155.0,21.65,2,251.0,3.1817,1.4257,0.0275966329746318,0.1867626947891226,0.7856406722362452,0.7856406722362452,False,train
train_0024,record_0024.npz,-1.2356079067857766,600,ISKH06,2008/01/26 04:33:00,2008/01/26 04:33:30,4.8,37.318,136.773,11,37.0533,136.8206,20.0,29.734,31.703,100,100,7900,79.0,21.527345,44.497359,102.905503,0.000635249783618,0.0004764783388733,0.0004764783388733,F:\paper4_data\kiknet_npz\ISKH060801260433.npz,15.96,1596.0,8.72,1,500.0,0.62339,1.2489,0.222826789659734,0.7555942100122774,0.0215790003279886,0.7555942100122774,False,train
train_0025,record_0025.npz,-1.302497997933232,600,GIFH20,2011/02/27 02:19:00,2011/02/27 02:19:04,5.0,36.157,137.457,4,35.7991,137.2531,355.0,43.822,44.004,100,100,12000,120.0,32.578785,40.635026,156.717061,0.000635249783618,0.0004764783388733,0.0004764783388733,F:\paper4_data\kiknet_npz\GIFH201102270219.npz,17.9,1790.0,9.53,0,810.0,12.903,0.8957,0.9996615623074218,0.0003384376925784,9.57966445898524e-24,0.9996615623074218,False,train
train_0026,record_0026.npz,-2.3439536662058447,600,KKWH13,2008/07/13 03:17:00,2008/07/13 03:17:50,4.1,42.485,143.277,51,43.5113,142.3906,315.0,134.978,144.292,100,100,12000,120.0,17.692342,47.568262,55.98144,0.000635249783618,0.0004764783388733,0.0004764783388733,F:\paper4_data\kiknet_npz\KKWH130807130317.npz,6.86,686.0,8.62,1,356.0,5.7974,0.9882,0.0703915468939703,0.9287442947700988,0.0008641583359307,0.9287442947700988,False,train
train_0027,record_0027.npz,-2.477867523819475,600,OITH08,2001/09/06 01:29:00,2001/09/06 01:29:51,4.3,33.111,132.023,50,32.8392,131.5357,260.0,54.587,74.025,100,200,12000,120.0,15.461445,18.052101,7.923126,0.0002384185791015,0.0002384185791015,0.0002384185791015,F:\paper4_data\kiknet_npz\OITH080109060129.npz,6.58,658.0,10.93,0,657.0,15.445,0.5689,0.9932401503260532,0.0067598496739469,1.1180925224236116e-29,0.9932401503260532,False,train
train_0028,record_0028.npz,-2.201307368925616,600,IWTH11,2001/11/13 16:45:00,2001/11/13 16:45:25,4.7,39.336,142.068,48,40.0811,141.1915,629.0,111.74,121.613,100,200,12000,120.0,21.87252,5.160093,3.401995,0.0002384185791015,0.0002384185791015,0.0002384185791015,F:\paper4_data\kiknet_npz\IWTH110111131645.npz,13.72,1372.0,9.13,1,343.0,1.4154,0.8125,0.0142789513001138,0.7381984553078959,0.2475225933919904,0.7381984553078959,False,train
train_0029,record_0029.npz,-0.8662742153724964,600,KSRH03,2003/12/03 23:11:00,2003/12/03 23:11:35,5.6,42.393,144.814,35,43.3848,144.6279,83.0,111.32,116.693,100,200,25000,250.0,13.694763,7.632256,4.721642,0.0002384185791015,0.0002384185791015,0.0002384185791015,F:\paper4_data\kiknet_npz\KSRH030312032311.npz,13.23,1323.0,8.49,2,250.0,3.0265,1.2601,0.0326049799751589,0.4531710422514156,0.5142239777734255,0.5142239777734255,True,train
train_0030,record_0030.npz,-1.6260896210538436,600,NGNH27,2008/08/08 12:57:00,2008/08/08 12:58:00,4.6,35.63,139.537,30,36.577,138.0479,505.0,170.248,172.871,100,100,12000,120.0,19.027637,15.540341,4.250187,0.000635249783618,0.0004764783388733,0.0004764783388733,F:\paper4_data\kiknet_npz\NGNH270808081257.npz,15.6,1560.0,9.84,1,381.0,6.4072,0.7527,0.067032289043304,0.9328548131640249,0.000112897792671,0.9328548131640249,False,train
train_0031,record_0031.npz,-2.1234156864159903,600,SRCH07,2008/09/02 17:17:00,2008/09/02 17:17:17,4.2,42.812,142.785,84,43.23,141.8978,75.0,85.803,120.076,100,100,12000,120.0,20.916234,9.563397,79.18117,0.000635249783618,0.0004764783388733,0.0004764783388733,F:\paper4_data\kiknet_npz\SRCH070809021717.npz,16.81,1681.0,24.82,1,316.0,3.6598,0.8692,0.0274622274182916,0.8951701654739824,0.0773676071077257,0.8951701654739824,False,train
train_0032,record_0032.npz,0.388230145249736,600,OKYH10,2000/10/06 13:30:00,2000/10/06 13:30:28,7.3,35.278,133.345,11,35.2826,133.9263,495.0,52.768,53.902,100,200,21900,219.0,102.234364,24.410486,19.914627,0.0002384185791015,0.0002384185791015,0.0002384185791015,F:\paper4_data\kiknet_npz\OKYH100010061330.npz,4.78,478.0,8.01,1,554.0,6.6685,0.8567,0.2511724230994376,0.7488221067361989,5.470164363700487e-06,0.7488221067361989,False,train
train_0033,record_0033.npz,-1.2223067793214648,600,HRSH07,2007/04/26 09:03:00,2007/04/26 09:03:14,5.3,33.888,133.583,39,34.2883,132.6411,230.0,97.492,105.003,100,200,12000,120.0,15.113592,6.431341,6.443501,0.0002384185791015,0.0002384185791015,0.0002384185791015,F:\paper4_data\kiknet_npz\HRSH070704260903.npz,13.86,1386.0,12.68,1,461.0,2.2421,0.9994,0.0545465855206379,0.9064057317475198,0.0390476827318422,0.9064057317475198,False,train
train_0034,record_0034.npz,-1.1254855729598623,600,MYGH08,2003/11/15 03:44:00,2003/11/15 03:44:22,5.8,36.431,141.165,48,38.1133,140.8441,10.0,189.206,195.2,100,200,16500,165.0,4.985332,3.685951,4.972219,0.0002384185791015,0.0002384185791015,0.0002384185791015,F:\paper4_data\kiknet_npz\MYGH080311150344.npz,12.85,1285.0,8.79,2,203.0,0.68895,0.981,0.0143473986748142,0.4481074607303082,0.5375451405948773,0.5375451405948773,True,train
train_0035,record_0035.npz,-2.164496506564933,600,IBRH20,2007/06/04 13:34:00,2007/06/04 13:34:22,4.4,36.09,139.863,48,35.8284,140.7323,5.7,83.473,96.29,100,200,6000,60.0,7.165909,46.311378,28.889418,0.0002384185791015,0.0002384185791015,0.0002384185791015,F:\paper4_data\kiknet_npz\IBRH200706041334.npz,2.83,283.0,17.63,2,244.0,0.24351,1.4425,0.005966756676554,0.0894288578119667,0.9046043855114791,0.9046043855114791,False,train
train_0036,record_0036.npz,-2.466185478132449,600,KOCH07,2001/08/24 21:44:00,2001/08/24 21:44:59,4.3,33.98,132.739,48,33.392,133.2866,5.0,82.716,95.634,100,200,12000,120.0,4.947424,6.275892,3.58963,0.0002384185791015,0.0002384185791015,0.0002384185791015,F:\paper4_data\kiknet_npz\KOCH070108242144.npz,2.93,293.0,24.07,2,385.0,3.3784,1.749,0.0138531258490948,0.0081054496310213,0.9780414245198834,0.9780414245198834,False,train
train_0037,record_0037.npz,-1.762062138032917,600,GIFH09,2011/02/27 05:38:00,2011/02/27 05:38:24,5.5,36.155,137.453,4,35.2768,136.7002,5.0,118.973,119.04,100,100,12000,120.0,28.05263,10.484906,38.333159,0.000635249783618,0.0004764783388733,0.0004764783388733,F:\paper4_data\kiknet_npz\GIFH091102270538.npz,14.45,1445.0,8.1,2,216.0,1.3874,2.2868,5.402355051420966e-07,7.1844940285889215e-09,0.9999994525800008,0.9999994525800008,False,train
train_0038,record_0038.npz,-2.222100162494866,600,GNMH13,2009/08/03 14:13:00,2009/08/03 14:14:27,4.7,38.292,138.782,25,36.862,139.0627,760.0,160.921,162.851,100,100,12000,120.0,21.815113,21.803172,4.250663,0.000635249783618,0.0004764783388733,0.0004764783388733,F:\paper4_data\kiknet_npz\GNMH130908031413.npz,14.98,1498.0,8.17,1,323.0,8.8235,1.1442,0.4845506943756733,0.5154492915662852,1.4058041414157937e-08,0.5154492915662852,True,train
train_0039,record_0039.npz,-2.358356782915334,600,FKIH03,2002/07/06 06:58:00,2002/07/06 06:58:48,4.1,35.415,136.779,45,35.9415,136.699,510.0,58.988,74.193,100,200,12000,120.0,20.519018,7.753372,7.297993,0.0002384185791015,0.0002384185791015,0.0002384185791015,F:\paper4_data\kiknet_npz\FKIH030207060658.npz,13.9,1390.0,40.24,0,760.0,9.1835,0.7765,0.9869717079391224,0.0130282920606843,1.934105244874645e-13,0.9869717079391224,False,train
train_0040,record_0040.npz,-2.584236789692793,600,HRSH01,2010/07/23 14:25:00,2010/07/23 14:25:58,4.4,33.387,133.108,34,34.3736,133.0236,35.0,109.981,115.117,100,100,12000,120.0,9.670407,17.602539,19.850564,0.000635249783618,0.0004764783388733,0.0004764783388733,F:\paper4_data\kiknet_npz\HRSH011007231425.npz,19.64,1964.0,9.52,1,403.0,7.9838,0.5689,0.1349753804078098,0.8650240320145001,5.875776902088926e-07,0.8650240320145001,False,train
train_0041,record_0041.npz,-1.9039024534651183,600,AKTH13,2008/06/14 09:00:00,2008/06/14 09:01:04,4.2,39.132,140.918,11,39.9819,140.4072,145.0,104.157,104.736,100,100,12000,120.0,12.953378,14.170466,39.783559,0.000635249783618,0.0004764783388733,0.0004764783388733,F:\paper4_data\kiknet_npz\AKTH130806140900.npz,4.57,457.0,15.66,1,536.0,6.8716,0.8352,0.2059689878184342,0.7940267778657399,4.234315825564519e-06,0.7940267778657399,False,train
train_0042,record_0042.npz,-2.554635993486029,600,SZOH35,2008/05/01 07:34:00,2008/05/01 07:34:25,4.6,35.437,140.435,36,34.9467,139.0855,140.0,134.202,138.947,100,100,12000,120.0,17.359471,47.381959,6.775046,0.000635249783618,0.0004764783388733,0.0004764783388733,F:\paper4_data\kiknet_npz\SZOH350805010734.npz,6.21,621.0,14.61,2,158.0,2.1542,1.1741,0.0384987970751549,0.3585616655843965,0.6029395373404484,0.6029395373404484,True,train
train_0043,record_0043.npz,-1.283018232827757,600,NIGH18,2009/05/12 19:40:00,2009/05/12 19:40:23,4.8,37.072,138.532,12,36.9425,138.2594,240.0,28.165,30.615,100,100,12000,120.0,46.960205,8.752907,49.564706,0.000635249783618,0.0004764783388733,0.0004764783388733,F:\paper4_data\kiknet_npz\NIGH180905121940.npz,15.44,1544.0,10.45,2,311.0,2.1328,1.2672,0.0179053463640638,0.3837682260477652,0.5983264275881708,0.5983264275881708,True,train
train_0044,record_0044.npz,-1.0167156371568231,600,YMGH15,2006/09/26 07:03:00,2006/09/26 07:04:02,5.3,33.505,131.883,70,33.9725,131.8149,100.0,52.364,87.418,100,200,12000,120.0,13.398409,5.346537,4.505634,0.0002384185791015,0.0002384185791015,0.0002384185791015,F:\paper4_data\kiknet_npz\YMGH150609260703.npz,13.96,1396.0,8.69,1,549.0,6.5366,0.5689,0.1727101740245912,0.8272721257211643,1.7700254244726597e-05,0.8272721257211643,False,train
train_0045,record_0045.npz,-2.920270114808216,600,NIGH15,2008/08/20 15:13:00,2008/08/20 15:13:50,4.6,36.057,139.9,45,37.0533,138.9951,358.0,137.133,144.328,100,100,12000,120.0,16.147414,47.573503,24.807845,0.000635249783618,0.0004764783388733,0.0004764783388733,F:\paper4_data\kiknet_npz\NIGH150808201513.npz,15.29,1529.0,13.72,0,686.0,2.4047,0.6689,0.8520385408665445,0.147947697464567,1.3761668888117692e-05,0.8520385408665445,False,train
train_0046,record_0046.npz,-1.5689188016452773,600,YMTH06,2002/02/12 22:44:00,2002/02/12 22:45:06,5.5,36.588,141.082,48,37.9633,140.1836,233.0,172.35,178.909,100,200,12400,124.0,6.39534,3.33333,3.607273,0.0002384185791015,0.0002384185791015,0.0002384185791015,F:\paper4_data\kiknet_npz\YMTH060202122244.npz,12.91,1291.0,8.89,2,261.0,1.0805,1.0766,0.0121355118048991,0.4851452811217173,0.5027192070733836,0.5027192070733836,True,train
train_0047,record_0047.npz,-1.8364005005501112,600,MYGH09,2002/01/29 08:45:00,2002/01/29 08:45:30,4.8,37.766,141.821,39,38.0091,140.6027,130.0,110.278,116.971,100,200,12000,120.0,6.104946,3.773689,3.862143,0.0002384185791015,0.0002384185791015,0.0002384185791015,F:\paper4_data\kiknet_npz\MYGH090201290845.npz,14.27,1427.0,9.47,1,358.0,0.43492,0.823,0.0165523956999713,0.832531661191104,0.1509159431089249,0.832531661191104,False,train
train_0048,record_0048.npz,-2.68434700478576,600,SITH10,2008/04/10 09:54:00,2008/04/10 09:54:29,4.1,35.802,140.067,68,35.9964,139.2191,180.0,79.373,104.518,100,100,12000,120.0,12.81807,3.139039,55.163327,0.000635249783618,0.0004764783388733,0.0004764783388733,F:\paper4_data\kiknet_npz\SITH100804100954.npz,3.7,370.0,15.88,1,542.0,7.0105,0.5689,0.1774988402647871,0.822496394859179,4.764876033575585e-06,0.822496394859179,False,train
train_0049,record_0049.npz,-1.047184620457942,600,IBRH15,2005/02/16 04:46:00,2005/02/16 04:46:50,5.4,36.035,139.895,45,36.5566,140.3013,45.0,68.482,81.944,100,200,12000,120.0,17.97986,10.717869,11.193991,0.0002384185791015,0.0002384185791015,0.0002384185791015,F:\paper4_data\kiknet_npz\IBRH150502160446.npz,13.74,1374.0,13.36,1,450.0,8.9121,1.1672,0.4974024185941321,0.5025975706790895,1.0726778627971924e-08,0.5025975706790895,True,train
train_0050,record_0050.npz,-3.077140989390157,600,KKWH13,2008/10/16 20:49:00,2008/10/16 20:49:52,4.2,42.637,142.77,107,43.5113,142.3906,315.0,101.985,147.817,100,100,12000,120.0,17.022788,46.869745,55.180956,0.000635249783618,0.0004764783388733,0.0004764783388733,F:\paper4_data\kiknet_npz\KKWH130810162049.npz,14.0,1400.0,20.45,1,356.0,5.7974,0.9882,0.0703915468939703,0.9287442947700988,0.0008641583359307,0.9287442947700988,False,train
train_0051,record_0051.npz,-1.1690795593062488,600,FKSH21,2004/10/25 00:28:00,2004/10/25 00:28:17,5.3,37.201,138.87,10,37.3421,139.3147,375.0,42.362,43.526,100,200,12000,120.0,18.950224,8.352518,7.874966,0.0002384185791015,0.0002384185791015,0.0002384185791015,F:\paper4_data\kiknet_npz\FKSH210410250028.npz,3.96,396.0,9.78,1,365.0,2.7113,0.8968,0.0209776022636784,0.8518894181515435,0.127132979584778,0.8518894181515435,False,train
train_0052,record_0052.npz,-2.479742086356977,600,CHBH17,2006/10/18 07:53:00,2006/10/18 07:53:40,4.2,35.702,139.92,56,35.1714,140.3398,10.0,70.196,89.797,100,200,12000,120.0,4.083633,4.159212,4.512072,0.0002384185791015,0.0002384185791015,0.0002384185791015,F:\paper4_data\kiknet_npz\CHBH170610180753.npz,14.86,1486.0,13.04,1,526.0,9.0922,0.9393,0.4480136431739584,0.551986355841582,9.84459369601174e-10,0.551986355841582,True,train
train_0053,record_0053.npz,-2.6766985796399587,600,AICH19,2008/01/27 10:53:00,2008/01/27 10:53:55,4.2,34.892,137.978,16,34.9512,137.4114,545.0,52.076,54.479,100,100,6000,60.0,14.2423,23.714327,9.901696,0.000635249783618,0.0004764783388733,0.0004764783388733,F:\paper4_data\kiknet_npz\AICH190801271053.npz,7.84,784.0,9.86,0,587.0,9.1835,0.7653,0.5372621795740226,0.462737820208982,2.1699556501247843e-10,0.5372621795740226,True,train
train_0054,record_0054.npz,-2.2060697237209537,600,AKTH01,2008/06/14 10:00:00,2008/06/14 10:00:32,4.5,39.035,140.903,12,39.8147,140.579,318.0,91.056,91.843,100,100,12000,120.0,18.083656,33.103333,136.753095,0.000635249783618,0.0004764783388733,0.0004764783388733,F:\paper4_data\kiknet_npz\AKTH010806141000.npz,14.49,1449.0,12.2,1,475.0,0.79248,0.7844,0.0545181841948122,0.9260441096202368,0.0194377061849508,0.9260441096202368,False,train
train_0055,record_0055.npz,-1.6461220021623657,600,IBRH13,2004/08/19 20:40:00,2004/08/19 20:40:59,5.0,37.081,141.46,73,36.7955,140.575,505.0,84.82,111.908,100,200,12000,120.0,18.142223,3.887177,3.849745,0.0002384185791015,0.0002384185791015,0.0002384185791015,F:\paper4_data\kiknet_npz\IBRH130408192040.npz,14.22,1422.0,9.55,1,335.0,2.7938,0.5689,0.0186588523529611,0.6425807220315248,0.3387604256155141,0.6425807220315248,True,train
train_0056,record_0056.npz,-2.690521141910725,600,SZOH35,2008/07/23 04:16:00,2008/07/23 04:17:28,4.4,34.363,140.05,24,34.9467,139.0855,140.0,109.523,112.122,100,100,12000,120.0,15.803744,48.120024,6.834129,0.000635249783618,0.0004764783388733,0.0004764783388733,F:\paper4_data\kiknet_npz\SZOH350807230416.npz,2.72,272.0,27.59,2,158.0,2.1542,1.1741,0.0384987970751549,0.3585616655843965,0.6029395373404484,0.6029395373404484,True,train
train_0057,record_0057.npz,-0.0032051125959878,600,AICH12,2004/09/05 23:57:00,2004/09/05 23:57:49,7.4,33.146,137.139,44,34.7884,137.1057,10.0,182.652,187.877,100,200,18600,186.0,34.474373,20.858526,16.645193,0.0002384185791015,0.0002384185791015,0.0002384185791015,F:\paper4_data\kiknet_npz\AICH120409052357.npz,10.0,1000.0,16.28,2,163.0,1.4154,1.5657,0.0033565923735182,0.0117572513501223,0.9848861562763596,0.9848861562763596,False,train
train_0058,record_0058.npz,-1.5911464550873995,600,MIEH03,2001/08/25 22:21:00,2001/08/25 22:21:54,5.1,35.15,135.657,10,34.547,136.3692,280.0,93.378,93.912,100,200,12000,120.0,12.857437,5.893946,3.769875,0.0002384185791015,0.0002384185791015,0.0002384185791015,F:\paper4_data\kiknet_npz\MIEH030108252221.npz,2.83,283.0,50.71,1,435.0,9.3691,0.5689,0.2517173310717106,0.7482826680519392,8.763501606221865e-10,0.7482826680519392,False,train
train_0059,record_0059.npz,-2.509736329100833,600,IBUH01,2008/03/03 17:06:00,2008/03/03 17:06:57,4.3,42.737,143.253,83,42.8739,141.8191,60.0,117.962,144.236,100,100,12000,120.0,16.611147,40.389163,29.362025,0.000635249783618,0.0004764783388733,0.0004764783388733,F:\paper4_data\kiknet_npz\IBUH010803031706.npz,6.66,666.0,12.26,1,307.0,4.6993,1.3497,0.1276928681112556,0.7618081064384676,0.1104990254502764,0.7618081064384676,False,train
train_0060,record_0060.npz,-1.7286144484141626,600,MYZH15,2009/10/29 02:37:00,2009/10/29 02:37:17,4.7,32.322,132.098,26,32.3654,131.5893,170.0,48.032,54.618,100,100,12000,120.0,30.687647,50.065485,54.353314,0.000635249783618,0.0004764783388733,0.0004764783388733,F:\paper4_data\kiknet_npz\MYZH150910290237.npz,15.61,1561.0,17.93,1,446.0,4.6063,0.6689,0.0445069462143922,0.949318427021068,0.0061746267645399,0.949318427021068,False,train
train_0061,record_0061.npz,-2.1089142219463186,600,IWTH25,2003/05/26 22:34:00,2003/05/26 22:34:33,4.8,38.888,141.596,76,39.0092,140.8638,386.0,64.737,99.834,100,200,12000,120.0,11.663914,5.971432,3.74651,0.0002384185791015,0.0002384185791015,0.0002384185791015,F:\paper4_data\kiknet_npz\IWTH250305262234.npz,4.32,432.0,15.1,1,506.0,2.2874,0.9994,0.1059264275717148,0.8800215013289472,0.0140520710993379,0.8800215013289472,False,train
train_0062,record_0062.npz,-1.084162043359696,600,AICH22,2011/03/15 22:31:00,2011/03/15 22:32:08,6.4,35.308,138.713,14,34.7853,137.4393,30.0,129.7,130.453,100,100,12000,120.0,13.845269,15.608001,34.953498,0.000635249783618,0.0004764783388733,0.0004764783388733,F:\paper4_data\kiknet_npz\AICH221103152231.npz,14.81,1481.0,11.54,1,405.0,2.2874,0.9503,0.0268642192038969,0.8773808376657465,0.0957549431303566,0.8773808376657465,False,train
train_0063,record_0063.npz,-2.223935424713183,600,EHMH04,2000/10/03 13:18:00,2000/10/03 13:18:51,4.2,33.878,132.807,46,33.9023,133.0658,15.0,24.041,51.903,100,200,11900,119.0,10.671616,6.66523,5.124569,0.0002384185791015,0.0002384185791015,0.0002384185791015,F:\paper4_data\kiknet_npz\EHMH040010031318.npz,9.46,946.0,23.77,1,254.0,4.7465,1.307,0.1451314141123058,0.779242928319639,0.075625657568055,0.779242928319639,False,train
train_0064,record_0064.npz,-1.128556421069413,600,NIGH15,2007/07/16 15:37:00,2007/07/16 15:37:51,5.8,37.503,138.643,23,37.0533,138.9951,358.0,58.915,63.245,100,200,12000,120.0,15.305042,5.456924,6.498337,0.0002384185791015,0.0002384185791015,0.0002384185791015,F:\paper4_data\kiknet_npz\NIGH150707161537.npz,14.35,1435.0,9.1,0,686.0,2.4047,0.6689,0.8520385408665445,0.147947697464567,1.3761668888117692e-05,0.8520385408665445,False,train
train_0065,record_0065.npz,-1.8569180744494145,600,TKCH11,2008/01/02 01:20:00,2008/01/02 01:20:19,4.2,42.345,143.067,51,42.8742,142.883,419.0,60.74,79.312,100,100,6000,60.0,27.552689,40.879936,96.009909,0.000635249783618,0.0004764783388733,0.0004764783388733,F:\paper4_data\kiknet_npz\TKCH110801020120.npz,15.25,1525.0,17.79,1,459.0,2.8219,0.5689,0.0404273945060372,0.8907904429398787,0.0687821625540841,0.8907904429398787,False,train
train_0066,record_0066.npz,-1.0673635763872522,600,IWTH08,2008/06/14 08:49:00,2008/06/14 08:49:33,4.5,39.113,140.942,11,40.2686,141.7831,175.0,147.276,147.686,100,100,12000,120.0,24.126152,25.134232,49.960183,0.000635249783618,0.0004764783388733,0.0004764783388733,F:\paper4_data\kiknet_npz\IWTH080806140849.npz,13.22,1322.0,10.21,1,305.0,2.6843,0.9678,0.0196806086257327,0.7491926229839305,0.2311267683903365,0.7491926229839305,False,train
train_0067,record_0067.npz,-1.3218793779554097,600,IWTH21,2001/11/13 16:45:00,2001/11/13 16:45:14,4.7,39.336,142.068,48,39.4734,141.9336,13.0,19.151,51.679,100,200,12000,120.0,15.854597,4.782915,7.594109,0.0002384185791015,0.0002384185791015,0.0002384185791015,F:\paper4_data\kiknet_npz\IWTH210111131645.npz,14.34,1434.0,50.46,0,521.0,5.9741,1.3258,0.5386753805319748,0.4609099419879076,0.0004146774801172,0.5386753805319748,True,train
train_0068,record_0068.npz,-0.8557566274273581,600,SOYH01,2006/08/18 00:20:00,2006/08/18 00:20:59,5.9,46.725,141.857,48,45.3346,142.1185,20.0,155.918,163.139,100,200,19200,192.0,8.226871,4.225731,3.906965,0.0002384185791015,0.0002384185791015,0.0002384185791015,F:\paper4_data\kiknet_npz\SOYH010608180020.npz,14.09,1409.0,8.65,1,313.0,4.2098,1.0419,0.0430601684524328,0.9128858731993928,0.0440539583481744,0.9128858731993928,False,train
train_0069,record_0069.npz,-1.4288102447329485,600,AOMH06,2008/06/26 08:37:00,2008/06/26 08:37:29,5.4,41.825,142.672,55,40.9664,141.3738,5.0,144.362,154.484,100,100,12000,120.0,24.46474,35.59055,27.587143,0.000635249783618,0.0004764783388733,0.0004764783388733,F:\paper4_data\kiknet_npz\AOMH060806260837.npz,7.42,742.0,11.74,1,434.0,6.1559,1.1671,0.1649134049015403,0.8347008029719168,0.0003857921265429,0.8347008029719168,False,train
train_0070,record_0070.npz,-2.5450507725731257,600,IWTH08,2008/06/14 10:00:00,2008/06/14 10:00:43,4.5,39.035,140.903,12,40.2686,141.7831,175.0,156.5,156.959,100,100,12000,120.0,25.055522,25.35913,50.183175,0.000635249783618,0.0004764783388733,0.0004764783388733,F:\paper4_data\kiknet_npz\IWTH080806141000.npz,14.01,1401.0,14.0,1,305.0,2.6843,0.9678,0.0196806086257327,0.7491926229839305,0.2311267683903365,0.7491926229839305,False,train
train_0071,record_0071.npz,-2.383590544489165,600,MIEH09,2010/11/29 15:52:00,2010/11/29 15:52:52,4.1,33.905,135.423,55,33.7644,135.9969,90.0,55.265,77.969,100,100,12000,120.0,11.924909,57.480917,25.289088,0.000635249783618,0.0004764783388733,0.0004764783388733,F:\paper4_data\kiknet_npz\MIEH091011291552.npz,16.48,1648.0,9.45,1,608.0,7.8256,0.6689,0.4528158175783384,0.547184136623175,4.5798486609827015e-08,0.547184136623175,True,train
train_0072,record_0072.npz,-1.7126673313014558,600,MYGH04,2002/10/12 19:59:00,2002/10/12 20:00:00,5.6,37.763,142.766,29,38.786,141.3254,35.0,169.566,172.028,100,200,12000,120.0,6.735325,9.977102,10.561705,0.0002384185791015,0.0002384185791015,0.0002384185791015,F:\paper4_data\kiknet_npz\MYGH040210121959.npz,13.56,1356.0,15.32,0,850.0,13.295,0.5689,0.999716016839016,0.0002839831609841,2.5113067048253624e-25,0.999716016839016,False,train
train_0073,record_0073.npz,-1.7012887725071406,600,IWTH12,2002/01/27 16:09:00,2002/01/27 16:09:36,5.3,39.318,142.411,46,40.1533,141.4245,365.0,125.468,133.635,100,200,12000,120.0,14.632702,5.704165,5.175352,0.0002384185791015,0.0002384185791015,0.0002384185791015,F:\paper4_data\kiknet_npz\IWTH120201271609.npz,14.46,1446.0,9.56,1,368.0,2.8789,0.9994,0.0252696381733165,0.8515902201872365,0.1231401416394471,0.8515902201872365,False,train
train_0074,record_0074.npz,-1.3360730308543076,600,IWTH02,2002/05/12 10:29:00,2002/05/12 10:29:55,5.1,39.151,141.154,96,39.825,141.3826,675.0,77.47,123.36,100,200,12000,120.0,37.41169,8.455515,4.293442,0.0002384185791015,0.0002384185791015,0.0002384185791015,F:\paper4_data\kiknet_npz\IWTH020205121029.npz,6.08,608.0,8.21,1,390.0,6.1559,0.8188,0.0630291285176992,0.9367583385422944,0.0002125329400063,0.9367583385422944,False,train
train_0075,record_0075.npz,-2.377305094202053,600,TKSH02,2010/10/06 13:51:00,2010/10/06 13:51:53,4.5,33.527,133.73,7,34.0112,134.0918,190.0,63.382,63.767,100,100,12000,120.0,10.178607,28.782627,47.441042,0.000635249783618,0.0004764783388733,0.0004764783388733,F:\paper4_data\kiknet_npz\TKSH021010061351.npz,20.72,2072.0,38.48,1,349.0,4.2948,0.9994,0.039404130790213,0.933837420719615,0.0267584484901719,0.933837420719615,False,train
train_0076,record_0076.npz,-0.0426547121458929,600,NIGH17,2007/03/25 09:42:00,2007/03/25 09:42:20,6.9,37.22,136.685,11,36.8569,138.0966,1305.0,131.636,132.095,100,200,29700,297.0,15.853882,9.696245,10.288954,0.0002384185791015,0.0002384185791015,0.0002384185791015,F:\paper4_data\kiknet_npz\NIGH170703250942.npz,14.41,1441.0,8.7,1,383.0,0.58708,1.2758,0.0375976705353936,0.6615796595712437,0.3008226698933629,0.6615796595712437,True,train
train_0077,record_0077.npz,-2.090001923234711,600,ABSH13,2008/01/23 04:34:00,2008/01/23 04:35:25,4.9,42.322,143.06,50,43.7419,143.4514,321.0,161.058,168.641,100,100,6900,69.0,5.050236,3.183352,11.043815,0.000635249783618,0.0004764783388733,0.0004764783388733,F:\paper4_data\kiknet_npz\ABSH130801230434.npz,2.77,277.0,14.96,1,464.0,0.3819,0.8923,0.0541434312486665,0.9299991104529624,0.0158574582983709,0.9299991104529624,False,train
train_0078,record_0078.npz,-1.72421451337238,600,GIFH25,2005/01/09 18:59:00,2005/01/09 18:59:37,4.7,35.315,136.847,13,35.5214,136.6127,75.0,31.265,33.86,100,200,12000,120.0,16.371489,10.976553,4.941225,0.0002384185791015,0.0002384185791015,0.0002384185791015,F:\paper4_data\kiknet_npz\GIFH250501091859.npz,14.16,1416.0,41.17,1,469.0,7.9838,1.0557,0.2846526206434285,0.7153470548210524,3.245355191294809e-07,0.7153470548210524,False,train
train_0079,record_0079.npz,-0.1890224561861112,600,MYGH02,2005/08/16 11:46:00,2005/08/16 11:46:53,7.2,38.15,142.278,42,38.8587,140.6513,345.0,162.004,167.36,100,200,24800,248.0,18.307924,6.558657,6.609201,0.0002384185791015,0.0002384185791015,0.0002384185791015,F:\paper4_data\kiknet_npz\MYGH020508161146.npz,12.4,1240.0,15.3,1,399.0,5.6261,0.8782,0.0557715068165639,0.9433819705496282,0.0008465226338077,0.9433819705496282,False,train
train_0080,record_0080.npz,-2.460357744264344,600,AOMH17,2002/10/14 02:07:00,2002/10/14 02:07:24,4.1,40.35,142.078,50,40.4492,141.3374,65.0,63.676,80.961,100,200,12000,120.0,8.261919,13.050079,19.642591,0.0002384185791015,0.0002384185791015,0.0002384185791015,F:\paper4_data\kiknet_npz\AOMH170210140207.npz,6.18,618.0,41.8,1,378.0,7.4441,1.1442,0.225569364553426,0.7744235824315157,7.053015058124841e-06,0.7744235824315157,False,train
train_0081,record_0081.npz,-1.6412107364524688,600,HRSH08,2002/03/06 07:12:00,2002/03/06 07:13:10,4.5,35.283,133.33,15,34.3935,132.1611,350.0,145.474,146.245,100,200,12000,120.0,7.23815,4.88162,11.162996,0.0002384185791015,0.0002384185791015,0.0002384185791015,F:\paper4_data\kiknet_npz\HRSH080203060712.npz,15.1,1510.0,11.5,0,781.0,14.405,0.5689,0.9987409854332836,0.0012590145667162,1.9675822675272182e-27,0.9987409854332836,False,train
train_0082,record_0082.npz,-3.044328545726549,600,SZOH37,2009/08/11 06:27:00,2009/08/11 06:27:00,4.4,34.868,138.452,24,35.2028,138.5659,80.0,38.645,45.491,100,100,12000,120.0,25.437307,43.910814,27.633361,0.000635249783618,0.0004764783388733,0.0004764783388733,F:\paper4_data\kiknet_npz\SZOH370908110627.npz,3.84,384.0,9.14,1,366.0,4.8424,0.8666,0.0398667681485016,0.9532668734343144,0.0068663584171841,0.9532668734343144,False,train
train_0083,record_0083.npz,-1.9645534821217947,600,GIFH20,2008/10/01 09:25:00,2008/10/01 09:25:04,4.4,35.423,136.502,14,35.7991,137.2531,355.0,79.745,80.965,100,100,12000,120.0,25.723169,34.529432,141.411624,0.000635249783618,0.0004764783388733,0.0004764783388733,F:\paper4_data\kiknet_npz\GIFH200810010925.npz,23.43,2343.0,29.65,0,810.0,12.903,0.8957,0.9996615623074218,0.0003384376925784,9.57966445898524e-24,0.9996615623074218,False,train
train_0084,record_0084.npz,-0.4942481289151588,600,KSRH04,2003/09/26 15:27:00,2003/09/26 15:27:18,6.1,42.188,144.776,27,43.2139,144.6804,30.0,114.342,117.487,100,200,29500,295.0,7.053614,7.178307,8.832216,0.0002384185791015,0.0002384185791015,0.0002384185791015,F:\paper4_data\kiknet_npz\KSRH040309261527.npz,13.66,1366.0,17.2,2,189.0,0.24843,1.3004,0.0101726919033997,0.1865085955520472,0.803318712544553,0.803318712544553,False,train
train_0085,record_0085.npz,-2.2355847193630027,600,HDKH04,2002/09/26 19:12:00,2002/09/26 19:13:17,4.2,42.553,142.316,97,42.5126,142.0381,10.0,23.21,99.738,100,200,12000,120.0,30.555487,8.333206,4.273176,0.0002384185791015,0.0002384185791015,0.0002384185791015,F:\paper4_data\kiknet_npz\HDKH040209261912.npz,3.49,349.0,28.95,2,235.0,1.6281,2.2521,1.0826244953897102e-06,1.9258554688917053e-08,0.99999889811695,0.99999889811695,False,train
train_0086,record_0086.npz,-1.7113901494131003,600,MIEH08,2007/04/15 18:34:00,2007/04/15 18:34:52,4.6,34.793,136.417,17,34.5424,136.5033,35.0,28.962,33.583,100,200,12000,120.0,21.283388,8.901358,8.343697,0.0002384185791015,0.0002384185791015,0.0002384185791015,F:\paper4_data\kiknet_npz\MIEH080704151834.npz,14.4,1440.0,11.85,0,1010.0,8.6489,1.1613,0.999999985552261,1.444773917351748e-08,1.0336969362298496e-21,0.999999985552261,False,train
train_0087,record_0087.npz,-0.5554098796389718,600,GIFH17,2011/03/15 22:31:00,2011/03/15 22:32:18,6.4,35.308,138.713,14,35.9514,136.8732,610.0,181.013,181.554,100,100,12000,120.0,22.072389,105.397485,68.601445,0.000635249783618,0.0004764783388733,0.0004764783388733,F:\paper4_data\kiknet_npz\GIFH171103152231.npz,13.66,1366.0,11.73,1,429.0,3.7713,0.9994,0.0473158059014259,0.9291001627628418,0.023584031335732,0.9291001627628418,False,train
train_0088,record_0088.npz,-1.232733860518488,600,NGNH03,2011/02/27 05:38:00,2011/02/27 05:38:07,5.5,36.155,137.453,4,35.4786,137.7346,870.0,79.382,79.483,100,100,12000,120.0,17.386151,36.971384,5.451865,0.000635249783618,0.0004764783388733,0.0004764783388733,F:\paper4_data\kiknet_npz\NGNH031102270538.npz,24.27,2427.0,12.52,1,400.0,5.04,0.5689,0.0438343694745073,0.9489165333369834,0.0072490971885094,0.9489165333369834,False,train
train_0089,record_0089.npz,-2.0390290352625344,600,AICH06,2001/01/06 11:48:00,2001/01/06 11:48:40,4.6,35.378,137.095,48,34.6158,137.0419,5.0,84.891,97.522,100,200,12000,120.0,18.080711,7.6828,6.35767,0.0002384185791015,0.0002384185791015,0.0002384185791015,F:\paper4_data\kiknet_npz\AICH060101061148.npz,2.97,297.0,23.57,2,219.0,1.1134,1.4425,0.0049599213941035,0.0546656942783078,0.9403743843275886,0.9403743843275886,False,train
train_0090,record_0090.npz,-2.296455508474016,600,YMGH12,2009/06/25 23:04:00,2009/06/25 23:04:03,4.7,33.368,130.892,12,34.2176,131.3597,150.0,103.888,104.579,100,100,12000,120.0,25.426508,24.955553,33.052826,0.000635249783618,0.0004764783388733,0.0004764783388733,F:\paper4_data\kiknet_npz\YMGH120906252304.npz,26.18,2618.0,9.56,0,1138.0,13.032,0.5689,0.999999999760047,2.399528682292369e-10,6.42688455175477e-35,0.999999999760047,False,train
train_0091,record_0091.npz,-0.8008561073719049,600,ISKH06,2007/03/26 07:16:00,2007/03/26 07:16:43,5.3,37.167,136.488,0,37.0533,136.8206,20.0,32.089,32.089,100,200,12000,120.0,19.319534,10.607481,22.000074,0.0002384185791015,0.0002384185791015,0.0002384185791015,F:\paper4_data\kiknet_npz\ISKH060703260716.npz,14.72,1472.0,13.29,1,500.0,0.62339,1.2489,0.222826789659734,0.7555942100122774,0.0215790003279886,0.7555942100122774,False,train
train_0092,record_0092.npz,-1.9612452663332087,600,YMNH10,2009/02/18 06:47:00,2009/02/18 06:47:38,5.2,35.662,136.313,9,35.5351,138.3087,695.0,180.988,181.212,100,100,12000,120.0,7.860581,3.402055,14.175231,0.000635249783618,0.0004764783388733,0.0004764783388733,F:\paper4_data\kiknet_npz\YMNH100902180647.npz,13.51,1351.0,8.46,0,771.0,5.4598,0.7319,0.9863883816261252,0.0136116130246114,5.349263063104406e-09,0.9863883816261252,False,train
train_0093,record_0093.npz,-2.2109554777514693,600,IBUH01,2003/01/07 03:27:00,2003/01/07 03:27:58,4.6,42.348,143.053,52,42.8739,141.8191,60.0,116.686,127.748,100,200,11900,119.0,9.005308,3.829002,3.248692,0.0002384185791015,0.0002384185791015,0.0002384185791015,F:\paper4_data\kiknet_npz\IBUH010301070327.npz,13.14,1314.0,20.96,1,307.0,4.6993,1.3497,0.1276928681112556,0.7618081064384676,0.1104990254502764,0.7618081064384676,False,train
train_0094,record_0094.npz,-1.658432392914894,600,TCGH12,2002/02/05 19:57:00,2002/02/05 19:57:27,4.4,36.18,140.105,69,36.6959,139.9842,162.0,58.374,90.38,100,200,12000,120.0,8.221149,4.482985,4.148006,0.0002384185791015,0.0002384185791015,0.0002384185791015,F:\paper4_data\kiknet_npz\TCGH120202051957.npz,14.37,1437.0,29.05,1,344.0,6.6685,1.1314,0.1543292021742923,0.8455574202701354,0.0001133775555722,0.8455574202701354,False,train
train_0095,record_0095.npz,-2.2466613971682405,600,HRSH16,2002/10/23 06:22:00,2002/10/23 06:22:40,4.4,35.151,132.674,11,34.6629,132.6689,280.0,54.276,55.379,100,200,12000,120.0,16.977549,7.659435,7.770538,0.0002384185791015,0.0002384185791015,0.0002384185791015,F:\paper4_data\kiknet_npz\HRSH160210230622.npz,14.19,1419.0,47.1,1,455.0,4.7465,0.5689,0.0506645519891703,0.9427846381277292,0.0065508098831003,0.9427846381277292,False,train
train_0096,record_0096.npz,-0.2036822172487011,600,WKYH02,2004/09/05 19:07:00,2004/09/05 19:07:34,6.9,33.031,136.797,38,34.1373,135.5369,400.0,169.579,173.784,100,200,19400,194.0,35.251617,13.665676,15.984058,0.0002384185791015,0.0002384185791015,0.0002384185791015,F:\paper4_data\kiknet_npz\WKYH020409051907.npz,14.43,1443.0,10.16,1,369.0,4.8424,0.5689,0.0413629756516911,0.943652370436623,0.014984653911686,0.943652370436623,False,train
train_0097,record_0097.npz,-2.26025322937076,600,KMMH05,2009/08/03 20:18:00,2009/08/03 20:18:32,4.7,32.317,130.53,7,32.9553,131.2207,693.0,96.023,96.278,100,100,12000,120.0,9.15522,18.091883,11.784739,0.000635249783618,0.0004764783388733,0.0004764783388733,F:\paper4_data\kiknet_npz\KMMH050908032018.npz,14.53,1453.0,29.46,2,230.0,1.0805,1.2808,0.0095169471685791,0.2043209582950691,0.7861620945363516,0.7861620945363516,False,train
train_0098,record_0098.npz,-1.6934891421477627,600,IWTH04,2002/05/06 17:12:00,2002/05/06 17:12:22,5.0,38.465,142.149,40,39.1809,141.3909,620.0,103.198,110.679,100,200,12000,120.0,17.228842,10.105133,5.928516,0.0002384185791015,0.0002384185791015,0.0002384185791015,F:\paper4_data\kiknet_npz\IWTH040205061712.npz,14.16,1416.0,27.53,1,456.0,3.0569,0.8307,0.0413025332594327,0.9322803181804744,0.0264171485600924,0.9322803181804744,False,train
train_0099,record_0099.npz,-2.070330832160174,600,SMNH12,2002/03/06 07:12:00,2002/03/06 07:12:37,4.5,35.283,133.33,15,35.1634,132.8558,380.0,45.081,47.511,100,200,12000,120.0,10.616779,16.952038,16.141653,0.0002384185791015,0.0002384185791015,0.0002384185791015,F:\paper4_data\kiknet_npz\SMNH120203060712.npz,14.68,1468.0,52.72,1,590.0,8.1452,0.6689,0.4009360676009497,0.599063910872273,2.1526777413222853e-08,0.599063910872273,True,train
